std_competency,competency_family,domain,quarter_code,quarter_label,row_type,source_tool,source_tool_label,tool_family,is_did_point,stacking_status,measure_unit,metric_basis,clearance_rule,n,n_schools,pct_students_cleared,se,ci95_low,ci95_high,has_clearance_value,pct_cleared_tool_flag,mean_pct_score,median_pct_score,sd_pct_score,mean_cpm,median_cpm,n_distinct_scores,perfect_score_required,stability_flag,reliability_flags,pooling_method,prev_quarter,quarters_gap,qoq_change_pp,same_tool_family_as_prev,change_defensibility,raw_keys,quarter_start_month,quarter_end_month,is_partial_quarter,months_with_data
independent_writing,writing,literacy,Q4_2025,Q4 2025 (Jan-Mar 2026),trend_point,did_midline,DiD midline / EOY (Mar 2026),did,True,single_source,pct,slide_top_band_gt75,slide top band (>75%),177.0,,28.0,,,,True,,34.0,,,,,,False,robust,slide_band_gt75_not_ge75;single_source,single_source,,,,,,M_Independent Writing,2026-01,2026-03,False,2026-03
independent_writing,writing,literacy,Q4_2025,Q4 2025 (Jan-Mar 2026),source_detail,did_midline,DiD midline / EOY (Mar 2026),did,True,single_source,pct,slide_top_band_gt75,slide top band (>75%),177.0,,28.0,,,,True,,34.0,,,,,,False,robust,slide_band_gt75_not_ge75;single_source,,,,,,,M_Independent Writing,2026-01,2026-03,False,2026-03
letter_naming_fluency,letter_recognition,literacy,Q3_2025,Q3 2025 (Oct-Dec 2025),source_detail,did_baseline,DiD baseline (Nov 2025),did,True,stack,cpm,did_pct_correct,CPM mean only; no % value,,,,,,,False,,,,,34.400000000000006,,,False,n_unknown,no_clearance_value,,,,,,,B_Letter Naming Timed,2025-10,2025-12,False,"2025-10,2025-11,2025-12"
letter_naming_fluency,letter_recognition,literacy,Q4_2025,Q4 2025 (Jan-Mar 2026),source_detail,did_midline,DiD midline / EOY (Mar 2026),did,True,stack,cpm,slide_top_band_gt75,no benchmark for this timed measure,177.0,,,,,,False,,,,,,,,False,robust,no_clearance_value,,,,,,,M_Letter Naming (Timed),2026-01,2026-03,False,2026-03
letter_recognition,letter_recognition,literacy,Q2_2025,Q2 2025 (Jul-Sep 2025),trend_point,aug_tool,Aug tool / Q2 2025 tool,aug_tool,False,stack_with_caveat,pct,pct_students_cleared,>=75% of items,81.0,18.0,81.48148148148148,4.316085794938895,71.66820913952236,88.44381137871396,True,93.82716049382715,82.71604938271605,87.5,21.701805551555633,,,7.0,False,moderate,crosswalk_caveat,single_source,,,,,,A_LID,2025-07,2025-09,True,"2025-08,2025-09"
letter_recognition,letter_recognition,literacy,Q2_2025,Q2 2025 (Jul-Sep 2025),source_detail,aug_tool,Aug tool / Q2 2025 tool,aug_tool,False,stack_with_caveat,pct,pct_students_cleared,>=75% of items,81.0,18.0,81.48148148148148,4.316085794938895,71.66820913952236,88.44381137871396,True,93.82716049382715,82.71604938271605,87.5,21.701805551555633,,,7.0,False,moderate,crosswalk_caveat,,,,,,,A_LID,2025-07,2025-09,True,"2025-08,2025-09"
letter_recognition,letter_recognition,literacy,Q3_2025,Q3 2025 (Oct-Dec 2025),trend_point,q3_2025_tool,Q3 2025 tool,q3_2025_tool,False,stack_with_caveat,pct,pct_students_cleared,>=75% of items,123.0,32.0,72.35772357723577,4.032522457403396,63.86804892834868,79.4931196472606,True,72.35772357723577,78.15040650406505,87.5,28.387030558544875,,,9.0,False,robust,crosswalk_caveat,single_source,Q2_2025,1,-9.123757904245707,False,cross_tool_caveat,Q3_LMR,2025-10,2025-12,False,"2025-10,2025-11,2025-12"
letter_recognition,letter_recognition,literacy,Q3_2025,Q3 2025 (Oct-Dec 2025),source_detail,q3_2025_tool,Q3 2025 tool,q3_2025_tool,False,stack_with_caveat,pct,pct_students_cleared,>=75% of items,123.0,32.0,72.35772357723577,4.032522457403396,63.86804892834868,79.4931196472606,True,72.35772357723577,78.15040650406505,87.5,28.387030558544875,,,9.0,False,robust,crosswalk_caveat,,,,,,,Q3_LMR,2025-10,2025-12,False,"2025-10,2025-11,2025-12"
letter_recognition,letter_recognition,literacy,Q1_2026,Q1 2026 (Apr-Jun 2026),trend_point,q1_2026_tool,Q1 2026 tool (G2 battery),2026_tool,False,stack,pct,pct_students_cleared,>=75% of items,175.0,,84.0,2.7712812921102037,77.84719905243898,88.69212960487563,True,84.0,85.74285714285715,90.0,12.059104580526377,,,10.0,False,robust,,single_source,Q3_2025,2,11.642276422764226,False,cross_tool_caveat,N1_Letter Identification,2026-04,2026-06,False,"2026-04,2026-05"
letter_recognition,letter_recognition,literacy,Q1_2026,Q1 2026 (Apr-Jun 2026),source_detail,q1_2026_tool,Q1 2026 tool (G2 battery),2026_tool,False,stack,pct,pct_students_cleared,>=75% of items,175.0,,84.0,2.7712812921102037,77.84719905243898,88.69212960487563,True,84.0,85.74285714285715,90.0,12.059104580526377,,,10.0,False,robust,,,,,,,,N1_Letter Identification,2026-04,2026-06,False,"2026-04,2026-05"
letter_recognition,letter_recognition,literacy,Q2_2026,Q2 2026 (Jul-Sep 2026),trend_point,q2_2026_tool,Q2 2026 tool,2026_tool,False,stack,pct,pct_students_cleared,>=75% of items,1361.0,,75.90007347538574,1.159310834947919,73.55695298050748,78.09739284248033,True,75.90007347538574,79.96326230712711,80.0,19.014277977261866,,,21.0,False,robust,,single_source,Q1_2026,1,-8.099926524614261,True,within_tool,N2_Letter Identification,2026-07,2026-09,True,"2026-07,2026-08"
letter_recognition,letter_recognition,literacy,Q2_2026,Q2 2026 (Jul-Sep 2026),source_detail,q2_2026_tool,Q2 2026 tool,2026_tool,False,stack,pct,pct_students_cleared,>=75% of items,1361.0,,75.90007347538574,1.159310834947919,73.55695298050748,78.09739284248033,True,75.90007347538574,79.96326230712711,80.0,19.014277977261866,,,21.0,False,robust,,,,,,,,N2_Letter Identification,2026-07,2026-09,True,"2026-07,2026-08"
letter_writing,writing,literacy,Q3_2025,Q3 2025 (Oct-Dec 2025),trend_point,did_baseline,DiD baseline (Nov 2025),did,True,stack,pct,did_pct_correct,DiD % correct used directly,,,78.3,,,,True,,78.3,,,,,,False,n_unknown,n_unknown_n;baseline_pct_correct_not_clearance,single_source,,,,,,B_Letter Writing,2025-10,2025-12,False,"2025-10,2025-11,2025-12"
letter_writing,writing,literacy,Q3_2025,Q3 2025 (Oct-Dec 2025),source_detail,did_baseline,DiD baseline (Nov 2025),did,True,stack,pct,did_pct_correct,DiD % correct used directly,,,78.3,,,,True,,78.3,,,,,,False,n_unknown,n_unknown_n;baseline_pct_correct_not_clearance,,,,,,,B_Letter Writing,2025-10,2025-12,False,"2025-10,2025-11,2025-12"
letter_writing,writing,literacy,Q4_2025,Q4 2025 (Jan-Mar 2026),trend_point,did_midline,DiD midline / EOY (Mar 2026),did,True,stack,pct,slide_top_band_gt75,slide top band (>75%),177.0,,80.0,,,,True,,84.0,,,,,,False,robust,slide_band_gt75_not_ge75,single_source,Q3_2025,1,1.7000000000000028,True,metric_basis_changed,M_Letter Writing,2026-01,2026-03,False,2026-03
letter_writing,writing,literacy,Q4_2025,Q4 2025 (Jan-Mar 2026),source_detail,did_midline,DiD midline / EOY (Mar 2026),did,True,stack,pct,slide_top_band_gt75,slide top band (>75%),177.0,,80.0,,,,True,,84.0,,,,,,False,robust,slide_band_gt75_not_ge75,,,,,,,M_Letter Writing,2026-01,2026-03,False,2026-03
listening_comprehension,oral_language,literacy,Q3_2025,Q3 2025 (Oct-Dec 2025),trend_point,did_baseline,DiD baseline (Nov 2025),did,True,stack,pct,did_pct_correct,DiD % correct used directly,,,62.849999999999994,,,,True,,62.849999999999994,,,,,,False,n_unknown,n_unknown_n;baseline_pct_correct_not_clearance,single_source,,,,,,B_Listening Comprehension,2025-10,2025-12,False,"2025-10,2025-11,2025-12"
listening_comprehension,oral_language,literacy,Q3_2025,Q3 2025 (Oct-Dec 2025),source_detail,did_baseline,DiD baseline (Nov 2025),did,True,stack,pct,did_pct_correct,DiD % correct used directly,,,62.849999999999994,,,,True,,62.849999999999994,,,,,,False,n_unknown,n_unknown_n;baseline_pct_correct_not_clearance,,,,,,,B_Listening Comprehension,2025-10,2025-12,False,"2025-10,2025-11,2025-12"
listening_comprehension,oral_language,literacy,Q4_2025,Q4 2025 (Jan-Mar 2026),trend_point,did_midline,DiD midline / EOY (Mar 2026),did,True,stack,pct,slide_top_band_gt75,slide top band (>75%),177.0,,38.0,,,,True,,,,,,,,False,robust,slide_band_gt75_not_ge75,single_source,Q3_2025,1,-24.849999999999994,True,metric_basis_changed,M_Listening Comprehension,2026-01,2026-03,False,2026-03
listening_comprehension,oral_language,literacy,Q4_2025,Q4 2025 (Jan-Mar 2026),source_detail,did_midline,DiD midline / EOY (Mar 2026),did,True,stack,pct,slide_top_band_gt75,slide top band (>75%),177.0,,38.0,,,,True,,,,,,,,False,robust,slide_band_gt75_not_ge75,,,,,,,M_Listening Comprehension,2026-01,2026-03,False,2026-03
oral_language_dev,oral_language,literacy,Q2_2025,Q2 2025 (Jul-Sep 2025),trend_point,pooled:aug_tool+july_tool,Aug tool / Q2 2025 tool + July tool (used 4-8 Aug 2025),aug_tool+july_tool,False,stack_with_caveat,pct,pct_students_cleared,>=75% of items,110.0,25.0,99.0909090909091,,,,True,99.0909090909091,95.68181818181819,,,,,,False,robust,ceiling;crosswalk_caveat;perfect_score_required;pooled_sources,n_weighted,,,,,,A_OLD|J_OLD,2025-07,2025-09,True,"2025-08,2025-09"
oral_language_dev,oral_language,literacy,Q2_2025,Q2 2025 (Jul-Sep 2025),source_detail,aug_tool,Aug tool / Q2 2025 tool,aug_tool,False,stack_with_caveat,pct,pct_students_cleared,>=75% of items,81.0,18.0,100.0,0.0,95.4720325877871,99.99999999999999,True,100.0,94.75308641975309,100.0,10.243938285880986,,,2.0,False,moderate,ceiling;crosswalk_caveat,,,,,,,A_OLD,2025-07,2025-09,True,"2025-08,2025-09"
oral_language_dev,oral_language,literacy,Q2_2025,Q2 2025 (Jul-Sep 2025),source_detail,july_tool,July tool (used 4-8 Aug 2025),july_tool,False,stack_with_caveat,pct,pct_students_cleared,>=75% of items,29.0,7.0,96.55172413793103,3.3883012720035666,82.82410893529976,99.38869433859678,True,96.55172413793103,98.27586206896552,100.0,9.284766908852594,,,2.0,True,thin,thin_n;ceiling;perfect_score_required;crosswalk_caveat,,,,,,,J_OLD,2025-07,2025-09,True,"2025-08,2025-09"
oral_reading_fluency,oral_reading_fluency,literacy,Q2_2025,Q2 2025 (Jul-Sep 2025),trend_point,pooled:aug_tool+july_tool,Aug tool / Q2 2025 tool + July tool (used 4-8 Aug 2025),aug_tool+july_tool,False,stack_with_caveat,cpm,pct_students_cleared,>=45 cpm,109.0,25.0,43.11926605504587,,,,True,,,,,48.12844036697248,,,False,robust,crosswalk_caveat;pooled_sources,n_weighted,,,,,,A_ORF|J_ORF,2025-07,2025-09,True,"2025-08,2025-09"
oral_reading_fluency,oral_reading_fluency,literacy,Q2_2025,Q2 2025 (Jul-Sep 2025),source_detail,aug_tool,Aug tool / Q2 2025 tool,aug_tool,False,stack_with_caveat,cpm,pct_students_cleared,>=45 cpm,80.0,18.0,46.25,5.574425418821208,35.74781238878701,57.09583563319731,True,,,,,49.575,41.0,,False,moderate,crosswalk_caveat,,,,,,,A_ORF,2025-07,2025-09,True,"2025-08,2025-09"
oral_reading_fluency,oral_reading_fluency,literacy,Q2_2025,Q2 2025 (Jul-Sep 2025),source_detail,july_tool,July tool (used 4-8 Aug 2025),july_tool,False,stack_with_caveat,cpm,pct_students_cleared,>=45 cpm,29.0,7.0,34.48275862068966,8.82632273954608,19.94050874919048,52.655223492844016,True,,,,,44.13793103448276,30.0,,False,thin,thin_n;crosswalk_caveat,,,,,,,J_ORF,2025-07,2025-09,True,"2025-08,2025-09"
oral_reading_fluency,oral_reading_fluency,literacy,Q3_2025,Q3 2025 (Oct-Dec 2025),trend_point,q3_2025_tool,Q3 2025 tool,q3_2025_tool,False,stack_with_caveat,cpm,pct_students_cleared,>=45 cpm,123.0,32.0,23.577235772357724,3.8274123914720395,16.947018225411902,31.80796436704988,True,,,,,28.585365853658537,22.0,,False,robust,crosswalk_caveat,single_source,Q2_2025,1,-19.542030282688145,False,cross_tool_caveat,Q3_ORF,2025-10,2025-12,False,"2025-10,2025-11,2025-12"
oral_reading_fluency,oral_reading_fluency,literacy,Q3_2025,Q3 2025 (Oct-Dec 2025),source_detail,q3_2025_tool,Q3 2025 tool,q3_2025_tool,False,stack_with_caveat,cpm,pct_students_cleared,>=45 cpm,123.0,32.0,23.577235772357724,3.8274123914720395,16.947018225411902,31.80796436704988,True,,,,,28.585365853658537,22.0,,False,robust,crosswalk_caveat,,,,,,,Q3_ORF,2025-10,2025-12,False,"2025-10,2025-11,2025-12"
oral_reading_fluency,oral_reading_fluency,literacy,Q3_2025,Q3 2025 (Oct-Dec 2025),source_detail,did_baseline,DiD baseline (Nov 2025),did,True,stack_with_caveat,cpm,did_pct_correct,CPM mean only; no % value,,,,,,,False,,,,,28.6,,,False,n_unknown,no_clearance_value;crosswalk_caveat,,,,,,,B_Oral Reading Fluency,2025-10,2025-12,False,"2025-10,2025-11,2025-12"
oral_reading_fluency,oral_reading_fluency,literacy,Q4_2025,Q4 2025 (Jan-Mar 2026),trend_point,did_midline,DiD midline / EOY (Mar 2026),did,True,stack_with_caveat,cpm,slide_top_band_gt75,slide bands 45-59 + 60+ (>=45 cpm),177.0,,38.0,,,,True,,,,,35.0,,,False,robust,slide_band_gt75_not_ge75;crosswalk_caveat,single_source,Q3_2025,1,14.422764227642276,False,cross_tool_caveat,M_Oral Reading Fluency,2026-01,2026-03,False,2026-03
oral_reading_fluency,oral_reading_fluency,literacy,Q4_2025,Q4 2025 (Jan-Mar 2026),source_detail,did_midline,DiD midline / EOY (Mar 2026),did,True,stack_with_caveat,cpm,slide_top_band_gt75,slide bands 45-59 + 60+ (>=45 cpm),177.0,,38.0,,,,True,,,,,35.0,,,False,robust,slide_band_gt75_not_ge75;crosswalk_caveat,,,,,,,M_Oral Reading Fluency,2026-01,2026-03,False,2026-03
oral_vocabulary,oral_language,literacy,Q3_2025,Q3 2025 (Oct-Dec 2025),trend_point,did_baseline,DiD baseline (Nov 2025),did,True,stack,pct,did_pct_correct,DiD % correct used directly,,,96.80000000000001,,,,True,,96.80000000000001,,,,,,False,n_unknown,n_unknown_n;ceiling;baseline_pct_correct_not_clearance,single_source,,,,,,B_Oral Vocabulary,2025-10,2025-12,False,"2025-10,2025-11,2025-12"
oral_vocabulary,oral_language,literacy,Q3_2025,Q3 2025 (Oct-Dec 2025),source_detail,did_baseline,DiD baseline (Nov 2025),did,True,stack,pct,did_pct_correct,DiD % correct used directly,,,96.80000000000001,,,,True,,96.80000000000001,,,,,,False,n_unknown,n_unknown_n;ceiling;baseline_pct_correct_not_clearance,,,,,,,B_Oral Vocabulary,2025-10,2025-12,False,"2025-10,2025-11,2025-12"
oral_vocabulary,oral_language,literacy,Q4_2025,Q4 2025 (Jan-Mar 2026),trend_point,did_midline,DiD midline / EOY (Mar 2026),did,True,stack,pct,slide_top_band_gt75,slide top band (>75%),177.0,,100.0,,,,True,,,,,,,,False,robust,ceiling;slide_band_gt75_not_ge75,single_source,Q3_2025,1,3.1999999999999886,True,metric_basis_changed,M_Oral Vocabulary,2026-01,2026-03,False,2026-03
oral_vocabulary,oral_language,literacy,Q4_2025,Q4 2025 (Jan-Mar 2026),source_detail,did_midline,DiD midline / EOY (Mar 2026),did,True,stack,pct,slide_top_band_gt75,slide top band (>75%),177.0,,100.0,,,,True,,,,,,,,False,robust,ceiling;slide_band_gt75_not_ge75,,,,,,,M_Oral Vocabulary,2026-01,2026-03,False,2026-03
picture_comprehension,oral_language,literacy,Q3_2025,Q3 2025 (Oct-Dec 2025),trend_point,did_baseline,DiD baseline (Nov 2025),did,True,stack,pct,did_pct_correct,DiD % correct used directly,,,93.35,,,,True,,93.35,,,,,,False,n_unknown,n_unknown_n;baseline_pct_correct_not_clearance,single_source,,,,,,B_Picture Comprehension,2025-10,2025-12,False,"2025-10,2025-11,2025-12"
picture_comprehension,oral_language,literacy,Q3_2025,Q3 2025 (Oct-Dec 2025),source_detail,did_baseline,DiD baseline (Nov 2025),did,True,stack,pct,did_pct_correct,DiD % correct used directly,,,93.35,,,,True,,93.35,,,,,,False,n_unknown,n_unknown_n;baseline_pct_correct_not_clearance,,,,,,,B_Picture Comprehension,2025-10,2025-12,False,"2025-10,2025-11,2025-12"
picture_comprehension,oral_language,literacy,Q4_2025,Q4 2025 (Jan-Mar 2026),trend_point,did_midline,DiD midline / EOY (Mar 2026),did,True,stack,pct,slide_top_band_gt75,slide top band (>75%),177.0,,91.0,,,,True,,,,,,,,False,robust,slide_band_gt75_not_ge75,single_source,Q3_2025,1,-2.3499999999999943,True,metric_basis_changed,M_Picture Comprehension,2026-01,2026-03,False,2026-03
picture_comprehension,oral_language,literacy,Q4_2025,Q4 2025 (Jan-Mar 2026),source_detail,did_midline,DiD midline / EOY (Mar 2026),did,True,stack,pct,slide_top_band_gt75,slide top band (>75%),177.0,,91.0,,,,True,,,,,,,,False,robust,slide_band_gt75_not_ge75,,,,,,,M_Picture Comprehension,2026-01,2026-03,False,2026-03
reading_comprehension,reading_comprehension,literacy,Q3_2025,Q3 2025 (Oct-Dec 2025),trend_point,pooled:q3_2025_tool+did_baseline,Q3 2025 tool + DiD baseline (Nov 2025),did+q3_2025_tool,True,stack_with_caveat,pct,did_pct_correct+pct_students_cleared,>=75% of items | DiD % correct used directly,,32.0,47.07073170731707,,,,True,46.34146341463415,48.798373983739836,,,,,,False,n_unknown,baseline_pct_correct_not_clearance;crosswalk_caveat;n_unknown_n;pooled_sources,equal_weight_sources,,,,,,Q3_RC|B_Reading Comprehension,2025-10,2025-12,False,"2025-10,2025-11,2025-12"
reading_comprehension,reading_comprehension,literacy,Q3_2025,Q3 2025 (Oct-Dec 2025),source_detail,q3_2025_tool,Q3 2025 tool,q3_2025_tool,False,stack_with_caveat,pct,pct_students_cleared,>=75% of items,123.0,32.0,46.34146341463415,4.496263227232738,37.77336376757604,55.1311722836879,True,46.34146341463415,49.796747967479675,50.0,40.170733851773946,,,5.0,False,robust,crosswalk_caveat,,,,,,,Q3_RC,2025-10,2025-12,False,"2025-10,2025-11,2025-12"
reading_comprehension,reading_comprehension,literacy,Q3_2025,Q3 2025 (Oct-Dec 2025),source_detail,did_baseline,DiD baseline (Nov 2025),did,True,stack_with_caveat,pct,did_pct_correct,DiD % correct used directly,,,47.8,,,,True,,47.8,,,,,,False,n_unknown,n_unknown_n;baseline_pct_correct_not_clearance;crosswalk_caveat,,,,,,,B_Reading Comprehension,2025-10,2025-12,False,"2025-10,2025-11,2025-12"
reading_comprehension,reading_comprehension,literacy,Q4_2025,Q4 2025 (Jan-Mar 2026),trend_point,did_midline,DiD midline / EOY (Mar 2026),did,True,stack_with_caveat,pct,slide_top_band_gt75,slide top band (>75%),177.0,,47.0,,,,True,,,,,,,,False,robust,slide_band_gt75_not_ge75;crosswalk_caveat,single_source,Q3_2025,1,-0.07073170731707279,False,metric_basis_changed,M_Reading Comprehension,2026-01,2026-03,False,2026-03
reading_comprehension,reading_comprehension,literacy,Q4_2025,Q4 2025 (Jan-Mar 2026),source_detail,did_midline,DiD midline / EOY (Mar 2026),did,True,stack_with_caveat,pct,slide_top_band_gt75,slide top band (>75%),177.0,,47.0,,,,True,,,,,,,,False,robust,slide_band_gt75_not_ge75;crosswalk_caveat,,,,,,,M_Reading Comprehension,2026-01,2026-03,False,2026-03
sentence_reading,sentence_reading,literacy,Q3_2025,Q3 2025 (Oct-Dec 2025),trend_point,did_baseline,DiD baseline (Nov 2025),did,True,stack_with_caveat,pct,did_pct_correct,DiD % correct used directly,,,47.4,,,,True,,47.4,,,,,,False,n_unknown,n_unknown_n;baseline_pct_correct_not_clearance;crosswalk_caveat,single_source,,,,,,B_Sentence Reading,2025-10,2025-12,False,"2025-10,2025-11,2025-12"
sentence_reading,sentence_reading,literacy,Q3_2025,Q3 2025 (Oct-Dec 2025),source_detail,did_baseline,DiD baseline (Nov 2025),did,True,stack_with_caveat,pct,did_pct_correct,DiD % correct used directly,,,47.4,,,,True,,47.4,,,,,,False,n_unknown,n_unknown_n;baseline_pct_correct_not_clearance;crosswalk_caveat,,,,,,,B_Sentence Reading,2025-10,2025-12,False,"2025-10,2025-11,2025-12"
sentence_reading,sentence_reading,literacy,Q4_2025,Q4 2025 (Jan-Mar 2026),trend_point,did_midline,DiD midline / EOY (Mar 2026),did,True,stack_with_caveat,pct,slide_top_band_gt75,slide top band (>75%),177.0,,57.0,,,,True,,,,,,,,False,robust,slide_band_gt75_not_ge75;crosswalk_caveat,single_source,Q3_2025,1,9.600000000000001,True,metric_basis_changed,M_Sentence Reading,2026-01,2026-03,False,2026-03
sentence_reading,sentence_reading,literacy,Q4_2025,Q4 2025 (Jan-Mar 2026),source_detail,did_midline,DiD midline / EOY (Mar 2026),did,True,stack_with_caveat,pct,slide_top_band_gt75,slide top band (>75%),177.0,,57.0,,,,True,,,,,,,,False,robust,slide_band_gt75_not_ge75;crosswalk_caveat,,,,,,,M_Sentence Reading,2026-01,2026-03,False,2026-03
sentence_reading,sentence_reading,literacy,Q1_2026,Q1 2026 (Apr-Jun 2026),trend_point,q1_2026_tool,Q1 2026 tool (G2 battery),2026_tool,False,stack,pct,pct_students_cleared,>=75% of items,175.0,,42.857142857142854,3.740878118331298,35.75600707299159,50.265142368749025,True,42.857142857142854,49.142857142857146,50.0,46.87789399933415,,,3.0,True,robust,perfect_score_required,single_source,Q4_2025,1,-14.142857142857146,False,cross_tool_caveat,N1_Sentence Reading,2026-04,2026-06,False,"2026-04,2026-05"
sentence_reading,sentence_reading,literacy,Q1_2026,Q1 2026 (Apr-Jun 2026),source_detail,q1_2026_tool,Q1 2026 tool (G2 battery),2026_tool,False,stack,pct,pct_students_cleared,>=75% of items,175.0,,42.857142857142854,3.740878118331298,35.75600707299159,50.265142368749025,True,42.857142857142854,49.142857142857146,50.0,46.87789399933415,,,3.0,True,robust,perfect_score_required,,,,,,,N1_Sentence Reading,2026-04,2026-06,False,"2026-04,2026-05"
sentence_reading,sentence_reading,literacy,Q2_2026,Q2 2026 (Jul-Sep 2026),trend_point,q2_2026_tool,Q2 2026 tool,2026_tool,False,stack,pct,pct_students_cleared,>=75% of items,1361.0,,31.447465099191767,1.2585646188785624,29.03581862306,33.96355068104093,True,31.447465099191767,41.25642909625275,50.0,43.98321459780899,,,3.0,True,robust,perfect_score_required,single_source,Q1_2026,1,-11.409677757951087,True,within_tool,N2_Sentence Reading,2026-07,2026-09,True,"2026-07,2026-08"
sentence_reading,sentence_reading,literacy,Q2_2026,Q2 2026 (Jul-Sep 2026),source_detail,q2_2026_tool,Q2 2026 tool,2026_tool,False,stack,pct,pct_students_cleared,>=75% of items,1361.0,,31.447465099191767,1.2585646188785624,29.03581862306,33.96355068104093,True,31.447465099191767,41.25642909625275,50.0,43.98321459780899,,,3.0,True,robust,perfect_score_required,,,,,,,N2_Sentence Reading,2026-07,2026-09,True,"2026-07,2026-08"
sentence_writing,writing,literacy,Q4_2025,Q4 2025 (Jan-Mar 2026),trend_point,did_midline,DiD midline / EOY (Mar 2026),did,True,single_source,pct,slide_top_band_gt75,slide top band (>75%),177.0,,39.0,,,,True,,49.0,,,,,,False,robust,slide_band_gt75_not_ge75;single_source,single_source,,,,,,M_Sentence Writing,2026-01,2026-03,False,2026-03
sentence_writing,writing,literacy,Q4_2025,Q4 2025 (Jan-Mar 2026),source_detail,did_midline,DiD midline / EOY (Mar 2026),did,True,single_source,pct,slide_top_band_gt75,slide top band (>75%),177.0,,39.0,,,,True,,49.0,,,,,,False,robust,slide_band_gt75_not_ge75;single_source,,,,,,,M_Sentence Writing,2026-01,2026-03,False,2026-03
word_reading,word_reading,literacy,Q3_2025,Q3 2025 (Oct-Dec 2025),trend_point,pooled:q3_2025_tool+did_baseline,Q3 2025 tool + DiD baseline (Nov 2025),did+q3_2025_tool,True,stack_with_caveat,pct,did_pct_correct+pct_students_cleared,>=75% of items | DiD % correct used directly,,32.0,65.67235772357724,,,,True,71.54471544715447,66.18048780487806,,,,,,False,n_unknown,baseline_pct_correct_not_clearance;crosswalk_caveat;n_unknown_n;pooled_sources,equal_weight_sources,,,,,,Q3_WR|B_Word Reading Untimed,2025-10,2025-12,False,"2025-10,2025-11,2025-12"
word_reading,word_reading,literacy,Q3_2025,Q3 2025 (Oct-Dec 2025),source_detail,q3_2025_tool,Q3 2025 tool,q3_2025_tool,False,stack_with_caveat,pct,pct_students_cleared,>=75% of items,123.0,32.0,71.54471544715447,4.068344219135735,63.01286003469405,78.77153877452942,True,71.54471544715447,72.5609756097561,75.0,33.78673382626591,,,5.0,False,robust,crosswalk_caveat,,,,,,,Q3_WR,2025-10,2025-12,False,"2025-10,2025-11,2025-12"
word_reading,word_reading,literacy,Q3_2025,Q3 2025 (Oct-Dec 2025),source_detail,did_baseline,DiD baseline (Nov 2025),did,True,stack_with_caveat,pct,did_pct_correct,DiD % correct used directly,,,59.8,,,,True,,59.8,,,,,,False,n_unknown,n_unknown_n;baseline_pct_correct_not_clearance;crosswalk_caveat,,,,,,,B_Word Reading Untimed,2025-10,2025-12,False,"2025-10,2025-11,2025-12"
word_reading,word_reading,literacy,Q4_2025,Q4 2025 (Jan-Mar 2026),trend_point,did_midline,DiD midline / EOY (Mar 2026),did,True,stack_with_caveat,pct,slide_top_band_gt75,slide top band (>75%),177.0,,70.0,,,,True,,,,,,,,False,robust,slide_band_gt75_not_ge75;crosswalk_caveat,single_source,Q3_2025,1,4.327642276422765,False,metric_basis_changed,M_Word Reading (Untimed),2026-01,2026-03,False,2026-03
word_reading,word_reading,literacy,Q4_2025,Q4 2025 (Jan-Mar 2026),source_detail,did_midline,DiD midline / EOY (Mar 2026),did,True,stack_with_caveat,pct,slide_top_band_gt75,slide top band (>75%),177.0,,70.0,,,,True,,,,,,,,False,robust,slide_band_gt75_not_ge75;crosswalk_caveat,,,,,,,M_Word Reading (Untimed),2026-01,2026-03,False,2026-03
word_reading,word_reading,literacy,Q1_2026,Q1 2026 (Apr-Jun 2026),trend_point,q1_2026_tool,Q1 2026 tool (G2 battery),2026_tool,False,stack,pct,pct_students_cleared,>=75% of items,175.0,,76.57142857142857,3.201748793281098,69.76681534666805,82.23450873005682,True,76.57142857142857,80.8022857142857,81.3,15.367224991548952,,,11.0,False,robust,,single_source,Q4_2025,1,6.571428571428569,False,cross_tool_caveat,N1_Word Reading,2026-04,2026-06,False,"2026-04,2026-05"
word_reading,word_reading,literacy,Q1_2026,Q1 2026 (Apr-Jun 2026),source_detail,q1_2026_tool,Q1 2026 tool (G2 battery),2026_tool,False,stack,pct,pct_students_cleared,>=75% of items,175.0,,76.57142857142857,3.201748793281098,69.76681534666805,82.23450873005682,True,76.57142857142857,80.8022857142857,81.3,15.367224991548952,,,11.0,False,robust,,,,,,,,N1_Word Reading,2026-04,2026-06,False,"2026-04,2026-05"
word_reading,word_reading,literacy,Q2_2026,Q2 2026 (Jul-Sep 2026),trend_point,q2_2026_tool,Q2 2026 tool,2026_tool,False,stack,pct,pct_students_cleared,>=75% of items,1361.0,,65.24614254224834,1.2907729793949476,62.67651293263805,67.72994595607106,True,65.24614254224834,72.42336517266716,75.0,23.215960486577867,,,17.0,False,robust,,single_source,Q1_2026,1,-11.325286029180234,True,within_tool,N2_Word Reading,2026-07,2026-09,True,"2026-07,2026-08"
word_reading,word_reading,literacy,Q2_2026,Q2 2026 (Jul-Sep 2026),source_detail,q2_2026_tool,Q2 2026 tool,2026_tool,False,stack,pct,pct_students_cleared,>=75% of items,1361.0,,65.24614254224834,1.2907729793949476,62.67651293263805,67.72994595607106,True,65.24614254224834,72.42336517266716,75.0,23.215960486577867,,,17.0,False,robust,,,,,,,,N2_Word Reading,2026-07,2026-09,True,"2026-07,2026-08"
word_reading_fluency,word_reading,literacy,Q3_2025,Q3 2025 (Oct-Dec 2025),source_detail,did_baseline,DiD baseline (Nov 2025),did,True,stack,cpm,did_pct_correct,CPM mean only; no % value,,,,,,,False,,,,,17.950000000000003,,,False,n_unknown,no_clearance_value,,,,,,,B_Word Reading Timed,2025-10,2025-12,False,"2025-10,2025-11,2025-12"
word_reading_fluency,word_reading,literacy,Q4_2025,Q4 2025 (Jan-Mar 2026),source_detail,did_midline,DiD midline / EOY (Mar 2026),did,True,stack,cpm,slide_top_band_gt75,no benchmark for this timed measure,177.0,,,,,,False,,,,,,,,False,robust,no_clearance_value,,,,,,,M_Word Reading (Timed),2026-01,2026-03,False,2026-03
word_writing,writing,literacy,Q2_2025,Q2 2025 (Jul-Sep 2025),trend_point,pooled:aug_tool+july_tool,Aug tool / Q2 2025 tool + July tool (used 4-8 Aug 2025),aug_tool+july_tool,False,stack_with_caveat,pct,pct_students_cleared,>=75% of items,110.0,25.0,55.45454545454545,,,,True,55.45454545454545,71.81818181818183,,,,,,True,robust,crosswalk_caveat;perfect_score_required;pooled_sources,n_weighted,,,,,,A_WR|J_WW,2025-07,2025-09,True,"2025-08,2025-09"
word_writing,writing,literacy,Q2_2025,Q2 2025 (Jul-Sep 2025),source_detail,aug_tool,Aug tool / Q2 2025 tool,aug_tool,False,stack_with_caveat,pct,pct_students_cleared,>=75% of items,81.0,18.0,55.55555555555556,5.52115549999948,44.72737929727803,65.88062432358723,True,55.55555555555556,72.22222222222223,100.0,34.46012188022556,,,3.0,True,moderate,perfect_score_required;crosswalk_caveat,,,,,,,A_WR,2025-07,2025-09,True,"2025-08,2025-09"
word_writing,writing,literacy,Q2_2025,Q2 2025 (Jul-Sep 2025),source_detail,july_tool,July tool (used 4-8 Aug 2025),july_tool,False,stack_with_caveat,pct,pct_students_cleared,>=75% of items,29.0,7.0,55.172413793103445,9.234952598786016,37.547667068067625,71.5870888512542,True,55.172413793103445,70.6896551724138,100.0,36.638293246543356,,,3.0,True,thin,thin_n;perfect_score_required;crosswalk_caveat,,,,,,,J_WW,2025-07,2025-09,True,"2025-08,2025-09"
word_writing,writing,literacy,Q3_2025,Q3 2025 (Oct-Dec 2025),trend_point,pooled:q3_2025_tool+did_baseline,Q3 2025 tool + DiD baseline (Nov 2025),did+q3_2025_tool,True,stack_with_caveat,pct,did_pct_correct+pct_students_cleared,>=75% of items | DiD % correct used directly,,32.0,39.988211382113825,,,,True,42.27642276422765,44.358130081300814,,,,,,False,n_unknown,baseline_pct_correct_not_clearance;crosswalk_caveat;n_unknown_n;pooled_sources,equal_weight_sources,Q2_2025,1,-15.466334072431628,False,metric_basis_changed,Q3_WW|B_Word Writing,2025-10,2025-12,False,"2025-10,2025-11,2025-12"
word_writing,writing,literacy,Q3_2025,Q3 2025 (Oct-Dec 2025),source_detail,q3_2025_tool,Q3 2025 tool,q3_2025_tool,False,stack_with_caveat,pct,pct_students_cleared,>=75% of items,123.0,32.0,42.27642276422765,4.454235542235718,33.9100821353305,51.11060508400449,True,42.27642276422765,51.016260162601625,50.0,37.65655489928122,,,5.0,False,robust,crosswalk_caveat,,,,,,,Q3_WW,2025-10,2025-12,False,"2025-10,2025-11,2025-12"
word_writing,writing,literacy,Q3_2025,Q3 2025 (Oct-Dec 2025),source_detail,did_baseline,DiD baseline (Nov 2025),did,True,stack,pct,did_pct_correct,DiD % correct used directly,,,37.7,,,,True,,37.7,,,,,,False,n_unknown,n_unknown_n;baseline_pct_correct_not_clearance,,,,,,,B_Word Writing,2025-10,2025-12,False,"2025-10,2025-11,2025-12"
word_writing,writing,literacy,Q4_2025,Q4 2025 (Jan-Mar 2026),trend_point,did_midline,DiD midline / EOY (Mar 2026),did,True,stack,pct,slide_top_band_gt75,slide top band (>75%),177.0,,43.0,,,,True,,58.0,,,,,,False,robust,slide_band_gt75_not_ge75,single_source,Q3_2025,1,3.0117886178861752,False,metric_basis_changed,M_Word Writing,2026-01,2026-03,False,2026-03
word_writing,writing,literacy,Q4_2025,Q4 2025 (Jan-Mar 2026),source_detail,did_midline,DiD midline / EOY (Mar 2026),did,True,stack,pct,slide_top_band_gt75,slide top band (>75%),177.0,,43.0,,,,True,,58.0,,,,,,False,robust,slide_band_gt75_not_ge75,,,,,,,M_Word Writing,2026-01,2026-03,False,2026-03
word_writing,writing,literacy,Q1_2026,Q1 2026 (Apr-Jun 2026),trend_point,q1_2026_tool,Q1 2026 tool (G2 battery),2026_tool,False,stack,pct,pct_students_cleared,>=75% of items,175.0,,60.0,3.7032803990902057,52.60193378949164,66.9684569920715,True,60.0,65.28571428571429,75.0,35.738169353906095,,,5.0,False,robust,,single_source,Q4_2025,1,17.0,False,cross_tool_matched_construct,N1_Word Writing,2026-04,2026-06,False,"2026-04,2026-05"
word_writing,writing,literacy,Q1_2026,Q1 2026 (Apr-Jun 2026),source_detail,q1_2026_tool,Q1 2026 tool (G2 battery),2026_tool,False,stack,pct,pct_students_cleared,>=75% of items,175.0,,60.0,3.7032803990902057,52.60193378949164,66.9684569920715,True,60.0,65.28571428571429,75.0,35.738169353906095,,,5.0,False,robust,,,,,,,,N1_Word Writing,2026-04,2026-06,False,"2026-04,2026-05"
word_writing,writing,literacy,Q2_2026,Q2 2026 (Jul-Sep 2026),trend_point,q2_2026_tool,Q2 2026 tool,2026_tool,False,stack,pct,pct_students_cleared,>=75% of items,1361.0,,56.64952240999265,1.3432783248951032,54.001621858680835,59.25999033133446,True,56.64952240999265,60.819250551065394,75.0,36.632731422823724,,,5.0,False,robust,,single_source,Q1_2026,1,-3.350477590007351,True,within_tool,N2_Word Writing,2026-07,2026-09,True,"2026-07,2026-08"
word_writing,writing,literacy,Q2_2026,Q2 2026 (Jul-Sep 2026),source_detail,q2_2026_tool,Q2 2026 tool,2026_tool,False,stack,pct,pct_students_cleared,>=75% of items,1361.0,,56.64952240999265,1.3432783248951032,54.001621858680835,59.25999033133446,True,56.64952240999265,60.819250551065394,75.0,36.632731422823724,,,5.0,False,robust,,,,,,,,N2_Word Writing,2026-07,2026-09,True,"2026-07,2026-08"
add_sub_1digit_combined,addition,numeracy,Q2_2025,Q2 2025 (Jul-Sep 2025),trend_point,july_tool,July tool (used 4-8 Aug 2025),july_tool,False,single_source,pct,pct_students_cleared,>=75% of items,29.0,7.0,68.96551724137932,8.590911709007583,50.76952952728146,82.72457551023193,True,,79.3103448275862,100.0,34.11441196105065,,,3.0,True,thin,thin_n;perfect_score_required;single_source,single_source,,,,,,J_ADDSUB,2025-07,2025-09,True,"2025-08,2025-09"
add_sub_1digit_combined,addition,numeracy,Q2_2025,Q2 2025 (Jul-Sep 2025),source_detail,july_tool,July tool (used 4-8 Aug 2025),july_tool,False,single_source,pct,pct_students_cleared,>=75% of items,29.0,7.0,68.96551724137932,8.590911709007583,50.76952952728146,82.72457551023193,True,,79.3103448275862,100.0,34.11441196105065,,,3.0,True,thin,thin_n;perfect_score_required;single_source,,,,,,,J_ADDSUB,2025-07,2025-09,True,"2025-08,2025-09"
addition,addition,numeracy,Q3_2025,Q3 2025 (Oct-Dec 2025),trend_point,q3_2025_tool,Q3 2025 tool,q3_2025_tool,False,stack_with_caveat,pct,pct_students_cleared,>=2 of 3 items (tool rule at the time),123.0,32.0,86.99186991869918,3.0331522682286285,79.91101236600706,91.83201200454643,True,86.99186991869918,85.09485094850947,100.0,29.32241849605119,,,4.0,False,robust,cleared_at_2_of_3;crosswalk_caveat,single_source,,,,,,Q3_ADD,2025-10,2025-12,False,"2025-10,2025-11,2025-12"
addition,addition,numeracy,Q3_2025,Q3 2025 (Oct-Dec 2025),source_detail,q3_2025_tool,Q3 2025 tool,q3_2025_tool,False,stack_with_caveat,pct,pct_students_cleared,>=2 of 3 items (tool rule at the time),123.0,32.0,86.99186991869918,3.0331522682286285,79.91101236600706,91.83201200454643,True,86.99186991869918,85.09485094850947,100.0,29.32241849605119,,,4.0,False,robust,cleared_at_2_of_3;crosswalk_caveat,,,,,,,Q3_ADD,2025-10,2025-12,False,"2025-10,2025-11,2025-12"
addition,addition,numeracy,Q1_2026,Q1 2026 (Apr-Jun 2026),trend_point,q1_2026_tool,Q1 2026 tool (G2 battery),2026_tool,False,stack_with_caveat,pct,pct_students_cleared,>=75% of items,175.0,,85.14285714285714,2.6885785855160766,79.1208862999127,89.65505844672343,True,85.14285714285714,84.57142857142857,100.0,31.902586745449078,,,5.0,False,robust,crosswalk_caveat,single_source,Q3_2025,2,-1.8490127758420414,False,cross_tool_caveat,N1_Addition,2026-04,2026-06,False,"2026-04,2026-05"
addition,addition,numeracy,Q1_2026,Q1 2026 (Apr-Jun 2026),source_detail,q1_2026_tool,Q1 2026 tool (G2 battery),2026_tool,False,stack_with_caveat,pct,pct_students_cleared,>=75% of items,175.0,,85.14285714285714,2.6885785855160766,79.1208862999127,89.65505844672343,True,85.14285714285714,84.57142857142857,100.0,31.902586745449078,,,5.0,False,robust,crosswalk_caveat,,,,,,,N1_Addition,2026-04,2026-06,False,"2026-04,2026-05"
addition,addition,numeracy,Q2_2026,Q2 2026 (Jul-Sep 2026),trend_point,q2_2026_tool,Q2 2026 tool,2026_tool,False,stack_with_caveat,pct,pct_students_cleared,>=75% of items,1361.0,,79.27994121969141,1.0986214868295618,77.04568307121907,81.34937171022956,True,79.27994121969141,78.82072005878031,100.0,36.30581155567836,,,5.0,False,robust,crosswalk_caveat,single_source,Q1_2026,1,-5.86291592316573,True,within_tool,N2_Addition,2026-07,2026-09,True,"2026-07,2026-08"
addition,addition,numeracy,Q2_2026,Q2 2026 (Jul-Sep 2026),source_detail,q2_2026_tool,Q2 2026 tool,2026_tool,False,stack_with_caveat,pct,pct_students_cleared,>=75% of items,1361.0,,79.27994121969141,1.0986214868295618,77.04568307121907,81.34937171022956,True,79.27994121969141,78.82072005878031,100.0,36.30581155567836,,,5.0,False,robust,crosswalk_caveat,,,,,,,N2_Addition,2026-07,2026-09,True,"2026-07,2026-08"
addition_1digit,addition,numeracy,Q2_2025,Q2 2025 (Jul-Sep 2025),trend_point,aug_tool,Aug tool / Q2 2025 tool,aug_tool,False,stack_with_caveat,pct,pct_students_cleared,>=75% of items,81.0,18.0,85.18518518518519,3.94718643894051,75.86664574880994,91.31737718333655,True,85.18518518518519,84.5679012345679,100.0,26.38888888888889,,,5.0,False,moderate,crosswalk_caveat,single_source,,,,,,A_ADD1,2025-07,2025-09,True,"2025-08,2025-09"
addition_1digit,addition,numeracy,Q2_2025,Q2 2025 (Jul-Sep 2025),source_detail,aug_tool,Aug tool / Q2 2025 tool,aug_tool,False,stack_with_caveat,pct,pct_students_cleared,>=75% of items,81.0,18.0,85.18518518518519,3.94718643894051,75.86664574880994,91.31737718333655,True,85.18518518518519,84.5679012345679,100.0,26.38888888888889,,,5.0,False,moderate,crosswalk_caveat,,,,,,,A_ADD1,2025-07,2025-09,True,"2025-08,2025-09"
addition_1digit,addition,numeracy,Q2_2025,Q2 2025 (Jul-Sep 2025),source_detail,july_tool,July tool (used 4-8 Aug 2025),july_tool,False,stack_with_caveat,pct,pct_students_cleared,>=75% of items,,7.0,,,,,False,79.3103448275862,,,,,,,False,n_unknown,no_clearance_value;crosswalk_caveat,,,,,,,J_ADD,2025-07,2025-09,True,"2025-08,2025-09"
addition_2digit,addition,numeracy,Q3_2025,Q3 2025 (Oct-Dec 2025),trend_point,did_baseline,DiD baseline (Nov 2025),did,True,stack,pct,did_pct_correct,DiD % correct used directly,,,60.150000000000006,,,,True,,60.150000000000006,,,,,,False,n_unknown,n_unknown_n;baseline_pct_correct_not_clearance,single_source,,,,,,B_Addition Level 2,2025-10,2025-12,False,"2025-10,2025-11,2025-12"
addition_2digit,addition,numeracy,Q3_2025,Q3 2025 (Oct-Dec 2025),source_detail,did_baseline,DiD baseline (Nov 2025),did,True,stack,pct,did_pct_correct,DiD % correct used directly,,,60.150000000000006,,,,True,,60.150000000000006,,,,,,False,n_unknown,n_unknown_n;baseline_pct_correct_not_clearance,,,,,,,B_Addition Level 2,2025-10,2025-12,False,"2025-10,2025-11,2025-12"
addition_2digit,addition,numeracy,Q4_2025,Q4 2025 (Jan-Mar 2026),trend_point,did_midline,DiD midline / EOY (Mar 2026),did,True,stack,pct,slide_top_band_gt75,slide top band (>75%),177.0,,31.0,,,,True,,53.0,,,,,,False,robust,slide_band_gt75_not_ge75,single_source,Q3_2025,1,-29.150000000000006,True,metric_basis_changed,M_Addition 2,2026-01,2026-03,False,2026-03
addition_2digit,addition,numeracy,Q4_2025,Q4 2025 (Jan-Mar 2026),source_detail,did_midline,DiD midline / EOY (Mar 2026),did,True,stack,pct,slide_top_band_gt75,slide top band (>75%),177.0,,31.0,,,,True,,53.0,,,,,,False,robust,slide_band_gt75_not_ge75,,,,,,,M_Addition 2,2026-01,2026-03,False,2026-03
data_handling,data_handling,numeracy,Q3_2025,Q3 2025 (Oct-Dec 2025),trend_point,did_baseline,DiD baseline (Nov 2025),did,True,stack,pct,did_pct_correct,DiD % correct used directly,,,65.15,,,,True,,65.15,,,,,,False,n_unknown,n_unknown_n;baseline_pct_correct_not_clearance,single_source,,,,,,B_Data Handling,2025-10,2025-12,False,"2025-10,2025-11,2025-12"
data_handling,data_handling,numeracy,Q3_2025,Q3 2025 (Oct-Dec 2025),source_detail,did_baseline,DiD baseline (Nov 2025),did,True,stack,pct,did_pct_correct,DiD % correct used directly,,,65.15,,,,True,,65.15,,,,,,False,n_unknown,n_unknown_n;baseline_pct_correct_not_clearance,,,,,,,B_Data Handling,2025-10,2025-12,False,"2025-10,2025-11,2025-12"
data_handling,data_handling,numeracy,Q4_2025,Q4 2025 (Jan-Mar 2026),trend_point,did_midline,DiD midline / EOY (Mar 2026),did,True,stack,pct,slide_top_band_gt75,slide top band (>75%),177.0,,30.0,,,,True,,,,,,,,False,robust,slide_band_gt75_not_ge75,single_source,Q3_2025,1,-35.150000000000006,True,metric_basis_changed,M_Data Handling,2026-01,2026-03,False,2026-03
data_handling,data_handling,numeracy,Q4_2025,Q4 2025 (Jan-Mar 2026),source_detail,did_midline,DiD midline / EOY (Mar 2026),did,True,stack,pct,slide_top_band_gt75,slide top band (>75%),177.0,,30.0,,,,True,,,,,,,,False,robust,slide_band_gt75_not_ge75,,,,,,,M_Data Handling,2026-01,2026-03,False,2026-03
measurement,measurement,numeracy,Q3_2025,Q3 2025 (Oct-Dec 2025),trend_point,did_baseline,DiD baseline (Nov 2025),did,True,stack,pct,did_pct_correct,DiD % correct used directly,,,83.85,,,,True,,83.85,,,,,,False,n_unknown,n_unknown_n;baseline_pct_correct_not_clearance,single_source,,,,,,B_Measurement,2025-10,2025-12,False,"2025-10,2025-11,2025-12"
measurement,measurement,numeracy,Q3_2025,Q3 2025 (Oct-Dec 2025),source_detail,did_baseline,DiD baseline (Nov 2025),did,True,stack,pct,did_pct_correct,DiD % correct used directly,,,83.85,,,,True,,83.85,,,,,,False,n_unknown,n_unknown_n;baseline_pct_correct_not_clearance,,,,,,,B_Measurement,2025-10,2025-12,False,"2025-10,2025-11,2025-12"
measurement,measurement,numeracy,Q4_2025,Q4 2025 (Jan-Mar 2026),trend_point,did_midline,DiD midline / EOY (Mar 2026),did,True,stack,pct,slide_top_band_gt75,slide top band (>75%),177.0,,72.0,,,,True,,93.0,,,,,,False,robust,slide_band_gt75_not_ge75,single_source,Q3_2025,1,-11.849999999999994,True,metric_basis_changed,M_Measurement,2026-01,2026-03,False,2026-03
measurement,measurement,numeracy,Q4_2025,Q4 2025 (Jan-Mar 2026),source_detail,did_midline,DiD midline / EOY (Mar 2026),did,True,stack,pct,slide_top_band_gt75,slide top band (>75%),177.0,,72.0,,,,True,,93.0,,,,,,False,robust,slide_band_gt75_not_ge75,,,,,,,M_Measurement,2026-01,2026-03,False,2026-03
money,money,numeracy,Q3_2025,Q3 2025 (Oct-Dec 2025),trend_point,did_baseline,DiD baseline (Nov 2025),did,True,single_source,pct,did_pct_correct,DiD % correct used directly,,,64.4,,,,True,,64.4,,,,,,False,n_unknown,n_unknown_n;baseline_pct_correct_not_clearance;single_source,single_source,,,,,,B_Money,2025-10,2025-12,False,"2025-10,2025-11,2025-12"
money,money,numeracy,Q3_2025,Q3 2025 (Oct-Dec 2025),source_detail,did_baseline,DiD baseline (Nov 2025),did,True,single_source,pct,did_pct_correct,DiD % correct used directly,,,64.4,,,,True,,64.4,,,,,,False,n_unknown,n_unknown_n;baseline_pct_correct_not_clearance;single_source,,,,,,,B_Money,2025-10,2025-12,False,"2025-10,2025-11,2025-12"
multiplication,multiplication,numeracy,Q3_2025,Q3 2025 (Oct-Dec 2025),trend_point,did_baseline,DiD baseline (Nov 2025),did,True,stack,pct,did_pct_correct,DiD % correct used directly,,,80.15,,,,True,,80.15,,,,,,False,n_unknown,n_unknown_n;baseline_pct_correct_not_clearance,single_source,,,,,,B_Multiplication,2025-10,2025-12,False,"2025-10,2025-11,2025-12"
multiplication,multiplication,numeracy,Q3_2025,Q3 2025 (Oct-Dec 2025),source_detail,did_baseline,DiD baseline (Nov 2025),did,True,stack,pct,did_pct_correct,DiD % correct used directly,,,80.15,,,,True,,80.15,,,,,,False,n_unknown,n_unknown_n;baseline_pct_correct_not_clearance,,,,,,,B_Multiplication,2025-10,2025-12,False,"2025-10,2025-11,2025-12"
multiplication,multiplication,numeracy,Q4_2025,Q4 2025 (Jan-Mar 2026),trend_point,did_midline,DiD midline / EOY (Mar 2026),did,True,stack,pct,slide_top_band_gt75,slide top band (>75%),177.0,,39.0,,,,True,,,,,,,,False,robust,slide_band_gt75_not_ge75,single_source,Q3_2025,1,-41.150000000000006,True,metric_basis_changed,M_Multiplication,2026-01,2026-03,False,2026-03
multiplication,multiplication,numeracy,Q4_2025,Q4 2025 (Jan-Mar 2026),source_detail,did_midline,DiD midline / EOY (Mar 2026),did,True,stack,pct,slide_top_band_gt75,slide top band (>75%),177.0,,39.0,,,,True,,,,,,,,False,robust,slide_band_gt75_not_ge75,,,,,,,M_Multiplication,2026-01,2026-03,False,2026-03
number_comparison,number_sense,numeracy,Q2_2025,Q2 2025 (Jul-Sep 2025),trend_point,pooled:aug_tool+july_tool,Aug tool / Q2 2025 tool + July tool (used 4-8 Aug 2025),aug_tool+july_tool,False,stack_with_caveat,pct,pct_students_cleared,>=75% of items,110.0,25.0,88.18181818181819,,,,True,88.18181818181819,88.86363636363636,,,,,,False,robust,crosswalk_caveat;perfect_score_required;pooled_sources,n_weighted,,,,,,A_NC|J_NC,2025-07,2025-09,True,"2025-08,2025-09"
number_comparison,number_sense,numeracy,Q2_2025,Q2 2025 (Jul-Sep 2025),source_detail,aug_tool,Aug tool / Q2 2025 tool,aug_tool,False,stack_with_caveat,pct,pct_students_cleared,>=75% of items,81.0,18.0,93.82716049382715,2.6740176528968362,86.35057380689226,97.33478809104459,True,93.82716049382715,94.75308641975309,100.0,18.420457964039283,,,4.0,False,moderate,crosswalk_caveat,,,,,,,A_NC,2025-07,2025-09,True,"2025-08,2025-09"
number_comparison,number_sense,numeracy,Q2_2025,Q2 2025 (Jul-Sep 2025),source_detail,july_tool,July tool (used 4-8 Aug 2025),july_tool,False,stack_with_caveat,pct,pct_students_cleared,>=75% of items,29.0,7.0,72.41379310344827,8.299609211231937,54.28252365556403,85.30141866149725,True,72.41379310344827,72.41379310344827,100.0,45.48588261473421,,,2.0,True,thin,thin_n;perfect_score_required;crosswalk_caveat,,,,,,,J_NC,2025-07,2025-09,True,"2025-08,2025-09"
number_comparison,number_sense,numeracy,Q3_2025,Q3 2025 (Oct-Dec 2025),trend_point,did_baseline,DiD baseline (Nov 2025),did,True,stack,pct,did_pct_correct,DiD % correct used directly,,,67.45,,,,True,,67.45,,,,,,False,n_unknown,n_unknown_n;baseline_pct_correct_not_clearance,single_source,Q2_2025,1,-20.731818181818184,False,metric_basis_changed,B_Number Comparison,2025-10,2025-12,False,"2025-10,2025-11,2025-12"
number_comparison,number_sense,numeracy,Q3_2025,Q3 2025 (Oct-Dec 2025),source_detail,did_baseline,DiD baseline (Nov 2025),did,True,stack,pct,did_pct_correct,DiD % correct used directly,,,67.45,,,,True,,67.45,,,,,,False,n_unknown,n_unknown_n;baseline_pct_correct_not_clearance,,,,,,,B_Number Comparison,2025-10,2025-12,False,"2025-10,2025-11,2025-12"
number_comparison,number_sense,numeracy,Q4_2025,Q4 2025 (Jan-Mar 2026),trend_point,did_midline,DiD midline / EOY (Mar 2026),did,True,stack,pct,slide_top_band_gt75,slide top band (>75%),177.0,,58.0,,,,True,,75.0,,,,,,False,robust,slide_band_gt75_not_ge75,single_source,Q3_2025,1,-9.450000000000003,True,metric_basis_changed,M_Number comparison,2026-01,2026-03,False,2026-03
number_comparison,number_sense,numeracy,Q4_2025,Q4 2025 (Jan-Mar 2026),source_detail,did_midline,DiD midline / EOY (Mar 2026),did,True,stack,pct,slide_top_band_gt75,slide top band (>75%),177.0,,58.0,,,,True,,75.0,,,,,,False,robust,slide_band_gt75_not_ge75,,,,,,,M_Number comparison,2026-01,2026-03,False,2026-03
number_pattern,pattern,numeracy,Q3_2025,Q3 2025 (Oct-Dec 2025),trend_point,did_baseline,DiD baseline (Nov 2025),did,True,stack,pct,did_pct_correct,DiD % correct used directly,,,28.2,,,,True,,28.2,,,,,,False,n_unknown,n_unknown_n;baseline_pct_correct_not_clearance,single_source,,,,,,B_Number Pattern,2025-10,2025-12,False,"2025-10,2025-11,2025-12"
number_pattern,pattern,numeracy,Q3_2025,Q3 2025 (Oct-Dec 2025),source_detail,did_baseline,DiD baseline (Nov 2025),did,True,stack,pct,did_pct_correct,DiD % correct used directly,,,28.2,,,,True,,28.2,,,,,,False,n_unknown,n_unknown_n;baseline_pct_correct_not_clearance,,,,,,,B_Number Pattern,2025-10,2025-12,False,"2025-10,2025-11,2025-12"
number_pattern,pattern,numeracy,Q4_2025,Q4 2025 (Jan-Mar 2026),trend_point,did_midline,DiD midline / EOY (Mar 2026),did,True,stack,pct,slide_top_band_gt75,slide top band (>75%),177.0,,10.0,,,,True,,30.0,,,,,,False,robust,slide_band_gt75_not_ge75,single_source,Q3_2025,1,-18.2,True,metric_basis_changed,M_Number Pattern,2026-01,2026-03,False,2026-03
number_pattern,pattern,numeracy,Q4_2025,Q4 2025 (Jan-Mar 2026),source_detail,did_midline,DiD midline / EOY (Mar 2026),did,True,stack,pct,slide_top_band_gt75,slide top band (>75%),177.0,,10.0,,,,True,,30.0,,,,,,False,robust,slide_band_gt75_not_ge75,,,,,,,M_Number Pattern,2026-01,2026-03,False,2026-03
number_recognition,number_sense,numeracy,Q3_2025,Q3 2025 (Oct-Dec 2025),trend_point,pooled:q3_2025_tool+did_baseline,Q3 2025 tool + DiD baseline (Nov 2025),did+q3_2025_tool,True,stack_with_caveat,pct,did_pct_correct+pct_students_cleared,>=75% of items | DiD % correct used directly,,32.0,62.54227642276423,,,,True,55.28455284552846,65.18455284552846,,,,,,False,n_unknown,baseline_pct_correct_not_clearance;crosswalk_caveat;n_unknown_n;pooled_sources,equal_weight_sources,,,,,,Q3_NR|B_Number Identification Untimed,2025-10,2025-12,False,"2025-10,2025-11,2025-12"
number_recognition,number_sense,numeracy,Q3_2025,Q3 2025 (Oct-Dec 2025),source_detail,q3_2025_tool,Q3 2025 tool,q3_2025_tool,False,stack_with_caveat,pct,pct_students_cleared,>=75% of items,123.0,32.0,55.28455284552846,4.4830969816107,46.47023677965987,63.778766701847765,True,55.28455284552846,60.56910569105691,75.0,38.67796451931759,,,5.0,False,robust,crosswalk_caveat,,,,,,,Q3_NR,2025-10,2025-12,False,"2025-10,2025-11,2025-12"
number_recognition,number_sense,numeracy,Q3_2025,Q3 2025 (Oct-Dec 2025),source_detail,did_baseline,DiD baseline (Nov 2025),did,True,stack,pct,did_pct_correct,DiD % correct used directly,,,69.8,,,,True,,69.8,,,,,,False,n_unknown,n_unknown_n;baseline_pct_correct_not_clearance,,,,,,,B_Number Identification Untimed,2025-10,2025-12,False,"2025-10,2025-11,2025-12"
number_recognition,number_sense,numeracy,Q4_2025,Q4 2025 (Jan-Mar 2026),trend_point,did_midline,DiD midline / EOY (Mar 2026),did,True,stack,pct,slide_top_band_gt75,slide top band (>75%),177.0,,52.0,,,,True,,73.0,,,,,,False,robust,slide_band_gt75_not_ge75,single_source,Q3_2025,1,-10.542276422764232,False,metric_basis_changed,M_Number Identification Untimed,2026-01,2026-03,False,2026-03
number_recognition,number_sense,numeracy,Q4_2025,Q4 2025 (Jan-Mar 2026),source_detail,did_midline,DiD midline / EOY (Mar 2026),did,True,stack,pct,slide_top_band_gt75,slide top band (>75%),177.0,,52.0,,,,True,,73.0,,,,,,False,robust,slide_band_gt75_not_ge75,,,,,,,M_Number Identification Untimed,2026-01,2026-03,False,2026-03
number_recognition,number_sense,numeracy,Q1_2026,Q1 2026 (Apr-Jun 2026),trend_point,q1_2026_tool,Q1 2026 tool (G2 battery),2026_tool,False,stack,pct,pct_students_cleared,>=75% of items,175.0,,61.71428571428571,3.6744488490144103,54.33406546541516,68.5912494501302,True,61.71428571428571,78.34,83.3,18.1533474320442,,,10.0,False,robust,,single_source,Q4_2025,1,9.714285714285708,False,cross_tool_matched_construct,N1_Number ID,2026-04,2026-06,False,"2026-04,2026-05"
number_recognition,number_sense,numeracy,Q1_2026,Q1 2026 (Apr-Jun 2026),source_detail,q1_2026_tool,Q1 2026 tool (G2 battery),2026_tool,False,stack,pct,pct_students_cleared,>=75% of items,175.0,,61.71428571428571,3.6744488490144103,54.33406546541516,68.5912494501302,True,61.71428571428571,78.34,83.3,18.1533474320442,,,10.0,False,robust,,,,,,,,N1_Number ID,2026-04,2026-06,False,"2026-04,2026-05"
number_recognition,number_sense,numeracy,Q2_2026,Q2 2026 (Jul-Sep 2026),trend_point,q2_2026_tool,Q2 2026 tool,2026_tool,False,stack,pct,pct_students_cleared,>=75% of items,1361.0,,57.38427626745041,1.3404552682708581,54.739817304943195,59.98716639778099,True,57.38427626745041,74.2688464364438,75.0,21.651973811140465,,,13.0,False,robust,,single_source,Q1_2026,1,-4.330009446835298,True,within_tool,N2_Number ID,2026-07,2026-09,True,"2026-07,2026-08"
number_recognition,number_sense,numeracy,Q2_2026,Q2 2026 (Jul-Sep 2026),source_detail,q2_2026_tool,Q2 2026 tool,2026_tool,False,stack,pct,pct_students_cleared,>=75% of items,1361.0,,57.38427626745041,1.3404552682708581,54.739817304943195,59.98716639778099,True,57.38427626745041,74.2688464364438,75.0,21.651973811140465,,,13.0,False,robust,,,,,,,,N2_Number ID,2026-07,2026-09,True,"2026-07,2026-08"
number_writing,number_writing,numeracy,Q3_2025,Q3 2025 (Oct-Dec 2025),trend_point,did_baseline,DiD baseline (Nov 2025),did,True,stack,pct,did_pct_correct,DiD % correct used directly,,,66.5,,,,True,,66.5,,,,,,False,n_unknown,n_unknown_n;baseline_pct_correct_not_clearance,single_source,,,,,,B_Number Writing,2025-10,2025-12,False,"2025-10,2025-11,2025-12"
number_writing,number_writing,numeracy,Q3_2025,Q3 2025 (Oct-Dec 2025),source_detail,did_baseline,DiD baseline (Nov 2025),did,True,stack,pct,did_pct_correct,DiD % correct used directly,,,66.5,,,,True,,66.5,,,,,,False,n_unknown,n_unknown_n;baseline_pct_correct_not_clearance,,,,,,,B_Number Writing,2025-10,2025-12,False,"2025-10,2025-11,2025-12"
number_writing,number_writing,numeracy,Q4_2025,Q4 2025 (Jan-Mar 2026),trend_point,did_midline,DiD midline / EOY (Mar 2026),did,True,stack,pct,slide_top_band_gt75,slide top band (>75%),177.0,,48.0,,,,True,,,,,,,,False,robust,slide_band_gt75_not_ge75,single_source,Q3_2025,1,-18.5,True,metric_basis_changed,M_Number Writing,2026-01,2026-03,False,2026-03
number_writing,number_writing,numeracy,Q4_2025,Q4 2025 (Jan-Mar 2026),source_detail,did_midline,DiD midline / EOY (Mar 2026),did,True,stack,pct,slide_top_band_gt75,slide top band (>75%),177.0,,48.0,,,,True,,,,,,,,False,robust,slide_band_gt75_not_ge75,,,,,,,M_Number Writing,2026-01,2026-03,False,2026-03
pattern,pattern,numeracy,Q2_2025,Q2 2025 (Jul-Sep 2025),trend_point,july_tool,July tool (used 4-8 Aug 2025),july_tool,False,stack_with_caveat,pct,pct_students_cleared,>=75% of items,29.0,7.0,37.93103448275862,9.010224214255711,22.687795730867343,55.99777379071503,True,,51.724137931034484,50.0,43.26570445821968,,,3.0,True,thin,thin_n;perfect_score_required;crosswalk_caveat,single_source,,,,,,J_PAT,2025-07,2025-09,True,"2025-08,2025-09"
pattern,pattern,numeracy,Q2_2025,Q2 2025 (Jul-Sep 2025),source_detail,july_tool,July tool (used 4-8 Aug 2025),july_tool,False,stack_with_caveat,pct,pct_students_cleared,>=75% of items,29.0,7.0,37.93103448275862,9.010224214255711,22.687795730867343,55.99777379071503,True,,51.724137931034484,50.0,43.26570445821968,,,3.0,True,thin,thin_n;perfect_score_required;crosswalk_caveat,,,,,,,J_PAT,2025-07,2025-09,True,"2025-08,2025-09"
pattern,pattern,numeracy,Q3_2025,Q3 2025 (Oct-Dec 2025),trend_point,q3_2025_tool,Q3 2025 tool,q3_2025_tool,False,stack_with_caveat,pct,pct_students_cleared,>=2 of 3 items (tool rule at the time),123.0,32.0,57.72357723577236,4.454235542235718,48.88939491599552,66.08991786466952,True,57.72357723577236,57.452574525745256,66.66666666666667,33.14174806236031,,,4.0,False,robust,cleared_at_2_of_3;crosswalk_caveat,single_source,Q2_2025,1,19.79254275301374,False,cross_tool_caveat,Q3_PAT,2025-10,2025-12,False,"2025-10,2025-11,2025-12"
pattern,pattern,numeracy,Q3_2025,Q3 2025 (Oct-Dec 2025),source_detail,q3_2025_tool,Q3 2025 tool,q3_2025_tool,False,stack_with_caveat,pct,pct_students_cleared,>=2 of 3 items (tool rule at the time),123.0,32.0,57.72357723577236,4.454235542235718,48.88939491599552,66.08991786466952,True,57.72357723577236,57.452574525745256,66.66666666666667,33.14174806236031,,,4.0,False,robust,cleared_at_2_of_3;crosswalk_caveat,,,,,,,Q3_PAT,2025-10,2025-12,False,"2025-10,2025-11,2025-12"
pattern,pattern,numeracy,Q1_2026,Q1 2026 (Apr-Jun 2026),trend_point,q1_2026_tool,Q1 2026 tool (G2 battery),2026_tool,False,stack_with_caveat,pct,pct_students_cleared,>=75% of items,175.0,,53.714285714285715,3.7692015688302347,46.32620618690232,60.94279610339256,True,53.714285714285715,71.24228571428571,100.0,37.03012031897059,,,4.0,True,robust,perfect_score_required;crosswalk_caveat,single_source,Q3_2025,2,-4.009291521486645,False,cross_tool_caveat,N1_Pattern,2026-04,2026-06,False,"2026-04,2026-05"
pattern,pattern,numeracy,Q1_2026,Q1 2026 (Apr-Jun 2026),source_detail,q1_2026_tool,Q1 2026 tool (G2 battery),2026_tool,False,stack_with_caveat,pct,pct_students_cleared,>=75% of items,175.0,,53.714285714285715,3.7692015688302347,46.32620618690232,60.94279610339256,True,53.714285714285715,71.24228571428571,100.0,37.03012031897059,,,4.0,True,robust,perfect_score_required;crosswalk_caveat,,,,,,,N1_Pattern,2026-04,2026-06,False,"2026-04,2026-05"
pattern,pattern,numeracy,Q2_2026,Q2 2026 (Jul-Sep 2026),trend_point,q2_2026_tool,Q2 2026 tool,2026_tool,False,stack_with_caveat,pct,pct_students_cleared,>=75% of items,1361.0,,37.325495958853786,1.3110497858614387,34.79488408522474,39.927457320547184,True,37.325495958853786,60.76965466568699,66.7,38.29220909027069,,,4.0,True,robust,perfect_score_required;crosswalk_caveat,single_source,Q1_2026,1,-16.38878975543193,True,within_tool,N2_Pattern,2026-07,2026-09,True,"2026-07,2026-08"
pattern,pattern,numeracy,Q2_2026,Q2 2026 (Jul-Sep 2026),source_detail,q2_2026_tool,Q2 2026 tool,2026_tool,False,stack_with_caveat,pct,pct_students_cleared,>=75% of items,1361.0,,37.325495958853786,1.3110497858614387,34.79488408522474,39.927457320547184,True,37.325495958853786,60.76965466568699,66.7,38.29220909027069,,,4.0,True,robust,perfect_score_required;crosswalk_caveat,,,,,,,N2_Pattern,2026-07,2026-09,True,"2026-07,2026-08"
place_value_bundles,place_value,numeracy,Q2_2025,Q2 2025 (Jul-Sep 2025),trend_point,pooled:aug_tool+july_tool,Aug tool / Q2 2025 tool + July tool (used 4-8 Aug 2025),aug_tool+july_tool,False,stack_with_caveat,pct,pct_students_cleared,>=75% of items,110.0,25.0,55.45454545454545,,,,True,55.45454545454545,60.45454545454545,,,,,,True,robust,crosswalk_caveat;perfect_score_required;pooled_sources,n_weighted,,,,,,A_CIB|J_CIB,2025-07,2025-09,True,"2025-08,2025-09"
place_value_bundles,place_value,numeracy,Q2_2025,Q2 2025 (Jul-Sep 2025),source_detail,aug_tool,Aug tool / Q2 2025 tool,aug_tool,False,stack_with_caveat,pct,pct_students_cleared,>=75% of items,81.0,18.0,55.55555555555556,5.52115549999948,44.72737929727803,65.88062432358723,True,55.55555555555556,62.34567901234568,100.0,45.090786335410904,,,3.0,True,moderate,perfect_score_required;crosswalk_caveat,,,,,,,A_CIB,2025-07,2025-09,True,"2025-08,2025-09"
place_value_bundles,place_value,numeracy,Q2_2025,Q2 2025 (Jul-Sep 2025),source_detail,july_tool,July tool (used 4-8 Aug 2025),july_tool,False,stack_with_caveat,pct,pct_students_cleared,>=75% of items,29.0,7.0,55.172413793103445,9.234952598786016,37.547667068067625,71.5870888512542,True,55.172413793103445,55.172413793103445,100.0,50.612017887847564,,,2.0,True,thin,thin_n;perfect_score_required;crosswalk_caveat,,,,,,,J_CIB,2025-07,2025-09,True,"2025-08,2025-09"
place_value_bundles,place_value,numeracy,Q3_2025,Q3 2025 (Oct-Dec 2025),trend_point,pooled:q3_2025_tool+did_baseline,Q3 2025 tool + DiD baseline (Nov 2025),did+q3_2025_tool,True,stack_with_caveat,pct,did_pct_correct+pct_students_cleared,>=2 of 3 items (tool rule at the time) | DiD % correct used directly,,32.0,50.37520325203252,,,,True,40.65040650406504,49.69769647696477,,,,,,False,n_unknown,baseline_pct_correct_not_clearance;cleared_at_2_of_3;crosswalk_caveat;n_unknown_n;pooled_sources,equal_weight_sources,Q2_2025,1,-5.079342202512933,False,metric_basis_changed,Q3_CIB|B_Counting In Bundles,2025-10,2025-12,False,"2025-10,2025-11,2025-12"
place_value_bundles,place_value,numeracy,Q3_2025,Q3 2025 (Oct-Dec 2025),source_detail,q3_2025_tool,Q3 2025 tool,q3_2025_tool,False,stack_with_caveat,pct,pct_students_cleared,>=2 of 3 items (tool rule at the time),123.0,32.0,40.65040650406504,4.428827499463742,32.380845131879504,49.486302554683895,True,40.65040650406504,39.29539295392954,33.333333333333336,42.89872861368236,,,4.0,False,robust,cleared_at_2_of_3;crosswalk_caveat,,,,,,,Q3_CIB,2025-10,2025-12,False,"2025-10,2025-11,2025-12"
place_value_bundles,place_value,numeracy,Q3_2025,Q3 2025 (Oct-Dec 2025),source_detail,did_baseline,DiD baseline (Nov 2025),did,True,stack_with_caveat,pct,did_pct_correct,DiD % correct used directly,,,60.1,,,,True,,60.1,,,,,,False,n_unknown,n_unknown_n;baseline_pct_correct_not_clearance;crosswalk_caveat,,,,,,,B_Counting In Bundles,2025-10,2025-12,False,"2025-10,2025-11,2025-12"
place_value_bundles,place_value,numeracy,Q4_2025,Q4 2025 (Jan-Mar 2026),trend_point,did_midline,DiD midline / EOY (Mar 2026),did,True,stack_with_caveat,pct,slide_top_band_gt75,slide top band (>75%),177.0,,29.0,,,,True,,,,,,,,False,robust,slide_band_gt75_not_ge75;crosswalk_caveat,single_source,Q3_2025,1,-21.37520325203252,False,metric_basis_changed,M_Counting in Bundles,2026-01,2026-03,False,2026-03
place_value_bundles,place_value,numeracy,Q4_2025,Q4 2025 (Jan-Mar 2026),source_detail,did_midline,DiD midline / EOY (Mar 2026),did,True,stack_with_caveat,pct,slide_top_band_gt75,slide top band (>75%),177.0,,29.0,,,,True,,,,,,,,False,robust,slide_band_gt75_not_ge75;crosswalk_caveat,,,,,,,M_Counting in Bundles,2026-01,2026-03,False,2026-03
place_value_bundles,place_value,numeracy,Q1_2026,Q1 2026 (Apr-Jun 2026),trend_point,q1_2026_tool,Q1 2026 tool (G2 battery),2026_tool,False,stack_with_caveat,pct,pct_students_cleared,>=75% of items,175.0,,54.85714285714286,3.761768705022607,47.45861462894717,62.04700375066923,True,54.85714285714286,61.857142857142854,75.0,36.04127810472325,,,5.0,False,robust,crosswalk_caveat,single_source,Q4_2025,1,25.85714285714286,False,cross_tool_caveat,N1_Place Value,2026-04,2026-06,False,"2026-04,2026-05"
place_value_bundles,place_value,numeracy,Q1_2026,Q1 2026 (Apr-Jun 2026),source_detail,q1_2026_tool,Q1 2026 tool (G2 battery),2026_tool,False,stack_with_caveat,pct,pct_students_cleared,>=75% of items,175.0,,54.85714285714286,3.761768705022607,47.45861462894717,62.04700375066923,True,54.85714285714286,61.857142857142854,75.0,36.04127810472325,,,5.0,False,robust,crosswalk_caveat,,,,,,,N1_Place Value,2026-04,2026-06,False,"2026-04,2026-05"
place_value_bundles,place_value,numeracy,Q2_2026,Q2 2026 (Jul-Sep 2026),trend_point,q2_2026_tool,Q2 2026 tool,2026_tool,False,stack_with_caveat,pct,pct_students_cleared,>=75% of items,1361.0,,45.187362233651726,1.349024334547749,42.56050961212397,47.841306979632904,True,45.187362233651726,57.27406318883174,50.0,34.19759595986595,,,5.0,False,robust,crosswalk_caveat,single_source,Q1_2026,1,-9.669780623491135,True,within_tool,N2_Place Value,2026-07,2026-09,True,"2026-07,2026-08"
place_value_bundles,place_value,numeracy,Q2_2026,Q2 2026 (Jul-Sep 2026),source_detail,q2_2026_tool,Q2 2026 tool,2026_tool,False,stack_with_caveat,pct,pct_students_cleared,>=75% of items,1361.0,,45.187362233651726,1.349024334547749,42.56050961212397,47.841306979632904,True,45.187362233651726,57.27406318883174,50.0,34.19759595986595,,,5.0,False,robust,crosswalk_caveat,,,,,,,N2_Place Value,2026-07,2026-09,True,"2026-07,2026-08"
shape_pattern,pattern,numeracy,Q3_2025,Q3 2025 (Oct-Dec 2025),trend_point,did_baseline,DiD baseline (Nov 2025),did,True,single_source,pct,did_pct_correct,DiD % correct used directly,,,36.849999999999994,,,,True,,36.849999999999994,,,,,,False,n_unknown,n_unknown_n;baseline_pct_correct_not_clearance;single_source,single_source,,,,,,B_Shape Pattern,2025-10,2025-12,False,"2025-10,2025-11,2025-12"
shape_pattern,pattern,numeracy,Q3_2025,Q3 2025 (Oct-Dec 2025),source_detail,did_baseline,DiD baseline (Nov 2025),did,True,single_source,pct,did_pct_correct,DiD % correct used directly,,,36.849999999999994,,,,True,,36.849999999999994,,,,,,False,n_unknown,n_unknown_n;baseline_pct_correct_not_clearance;single_source,,,,,,,B_Shape Pattern,2025-10,2025-12,False,"2025-10,2025-11,2025-12"
shapes_1,shapes,numeracy,Q3_2025,Q3 2025 (Oct-Dec 2025),trend_point,did_baseline,DiD baseline (Nov 2025),did,True,single_source,pct,did_pct_correct,DiD % correct used directly,,,85.5,,,,True,,85.5,,,,,,False,n_unknown,n_unknown_n;baseline_pct_correct_not_clearance;single_source,single_source,,,,,,B_Shapes 1,2025-10,2025-12,False,"2025-10,2025-11,2025-12"
shapes_1,shapes,numeracy,Q3_2025,Q3 2025 (Oct-Dec 2025),source_detail,did_baseline,DiD baseline (Nov 2025),did,True,single_source,pct,did_pct_correct,DiD % correct used directly,,,85.5,,,,True,,85.5,,,,,,False,n_unknown,n_unknown_n;baseline_pct_correct_not_clearance;single_source,,,,,,,B_Shapes 1,2025-10,2025-12,False,"2025-10,2025-11,2025-12"
shapes_2,shapes,numeracy,Q3_2025,Q3 2025 (Oct-Dec 2025),trend_point,did_baseline,DiD baseline (Nov 2025),did,True,single_source,pct,did_pct_correct,DiD % correct used directly,,,8.1,,,,True,,8.1,,,,,,False,n_unknown,n_unknown_n;baseline_pct_correct_not_clearance;single_source,single_source,,,,,,B_Shapes 2,2025-10,2025-12,False,"2025-10,2025-11,2025-12"
shapes_2,shapes,numeracy,Q3_2025,Q3 2025 (Oct-Dec 2025),source_detail,did_baseline,DiD baseline (Nov 2025),did,True,single_source,pct,did_pct_correct,DiD % correct used directly,,,8.1,,,,True,,8.1,,,,,,False,n_unknown,n_unknown_n;baseline_pct_correct_not_clearance;single_source,,,,,,,B_Shapes 2,2025-10,2025-12,False,"2025-10,2025-11,2025-12"
shapes_2d,shapes,numeracy,Q2_2025,Q2 2025 (Jul-Sep 2025),trend_point,july_tool,July tool (used 4-8 Aug 2025),july_tool,False,single_source,pct,pct_students_cleared,>=75% of items,29.0,7.0,82.75862068965517,7.01445003745666,65.45119942718487,92.40225472852008,True,,91.37931034482759,100.0,19.22129361096224,,,2.0,True,thin,thin_n;perfect_score_required;single_source,single_source,,,,,,J_SHP,2025-07,2025-09,True,"2025-08,2025-09"
shapes_2d,shapes,numeracy,Q2_2025,Q2 2025 (Jul-Sep 2025),source_detail,july_tool,July tool (used 4-8 Aug 2025),july_tool,False,single_source,pct,pct_students_cleared,>=75% of items,29.0,7.0,82.75862068965517,7.01445003745666,65.45119942718487,92.40225472852008,True,,91.37931034482759,100.0,19.22129361096224,,,2.0,True,thin,thin_n;perfect_score_required;single_source,,,,,,,J_SHP,2025-07,2025-09,True,"2025-08,2025-09"
shapes_midline_unspecified,shapes,numeracy,Q4_2025,Q4 2025 (Jan-Mar 2026),trend_point,did_midline,DiD midline / EOY (Mar 2026),did,True,single_source,pct,slide_top_band_gt75,slide top band (>75%),177.0,,4.0,,,,True,,16.0,,,,,,False,robust,slide_band_gt75_not_ge75;single_source,single_source,,,,,,M_Shapes,2026-01,2026-03,False,2026-03
shapes_midline_unspecified,shapes,numeracy,Q4_2025,Q4 2025 (Jan-Mar 2026),source_detail,did_midline,DiD midline / EOY (Mar 2026),did,True,single_source,pct,slide_top_band_gt75,slide top band (>75%),177.0,,4.0,,,,True,,16.0,,,,,,False,robust,slide_band_gt75_not_ge75;single_source,,,,,,,M_Shapes,2026-01,2026-03,False,2026-03
subtraction,subtraction,numeracy,Q3_2025,Q3 2025 (Oct-Dec 2025),trend_point,q3_2025_tool,Q3 2025 tool,q3_2025_tool,False,stack_with_caveat,pct,pct_students_cleared,>=2 of 3 items (tool rule at the time),123.0,32.0,73.98373983739837,3.9558336292792324,65.58776000744663,80.92694810093423,True,73.98373983739837,71.27371273712737,100.0,34.4948461745422,,,4.0,False,robust,cleared_at_2_of_3;crosswalk_caveat,single_source,,,,,,Q3_SUB,2025-10,2025-12,False,"2025-10,2025-11,2025-12"
subtraction,subtraction,numeracy,Q3_2025,Q3 2025 (Oct-Dec 2025),source_detail,q3_2025_tool,Q3 2025 tool,q3_2025_tool,False,stack_with_caveat,pct,pct_students_cleared,>=2 of 3 items (tool rule at the time),123.0,32.0,73.98373983739837,3.9558336292792324,65.58776000744663,80.92694810093423,True,73.98373983739837,71.27371273712737,100.0,34.4948461745422,,,4.0,False,robust,cleared_at_2_of_3;crosswalk_caveat,,,,,,,Q3_SUB,2025-10,2025-12,False,"2025-10,2025-11,2025-12"
subtraction,subtraction,numeracy,Q1_2026,Q1 2026 (Apr-Jun 2026),trend_point,q1_2026_tool,Q1 2026 tool (G2 battery),2026_tool,False,stack_with_caveat,pct,pct_students_cleared,>=75% of items,175.0,,70.85714285714285,3.4350958330044006,63.73398613995784,77.08425749015953,True,70.85714285714285,71.57142857142857,100.0,41.89771735085126,,,5.0,False,robust,crosswalk_caveat,single_source,Q3_2025,2,-3.1265969802555276,False,cross_tool_caveat,N1_Subtraction,2026-04,2026-06,False,"2026-04,2026-05"
subtraction,subtraction,numeracy,Q1_2026,Q1 2026 (Apr-Jun 2026),source_detail,q1_2026_tool,Q1 2026 tool (G2 battery),2026_tool,False,stack_with_caveat,pct,pct_students_cleared,>=75% of items,175.0,,70.85714285714285,3.4350958330044006,63.73398613995784,77.08425749015953,True,70.85714285714285,71.57142857142857,100.0,41.89771735085126,,,5.0,False,robust,crosswalk_caveat,,,,,,,N1_Subtraction,2026-04,2026-06,False,"2026-04,2026-05"
subtraction,subtraction,numeracy,Q2_2026,Q2 2026 (Jul-Sep 2026),trend_point,q2_2026_tool,Q2 2026 tool,2026_tool,False,stack_with_caveat,pct,pct_students_cleared,>=75% of items,1361.0,,64.8052902277737,1.2945381734394068,62.22955386098113,67.29768212010268,True,64.8052902277737,64.98897869213813,100.0,43.843176699999056,,,5.0,False,robust,crosswalk_caveat,single_source,Q1_2026,1,-6.051852629369151,True,within_tool,N2_Subtraction,2026-07,2026-09,True,"2026-07,2026-08"
subtraction,subtraction,numeracy,Q2_2026,Q2 2026 (Jul-Sep 2026),source_detail,q2_2026_tool,Q2 2026 tool,2026_tool,False,stack_with_caveat,pct,pct_students_cleared,>=75% of items,1361.0,,64.8052902277737,1.2945381734394068,62.22955386098113,67.29768212010268,True,64.8052902277737,64.98897869213813,100.0,43.843176699999056,,,5.0,False,robust,crosswalk_caveat,,,,,,,N2_Subtraction,2026-07,2026-09,True,"2026-07,2026-08"
subtraction_1digit,subtraction,numeracy,Q2_2025,Q2 2025 (Jul-Sep 2025),trend_point,aug_tool,Aug tool / Q2 2025 tool,aug_tool,False,stack_with_caveat,pct,pct_students_cleared,>=75% of items,81.0,18.0,76.5432098765432,4.708093909939785,66.24506582197044,84.43761814438567,True,76.5432098765432,76.85185185185185,100.0,33.72169595049718,,,5.0,False,moderate,crosswalk_caveat,single_source,,,,,,A_SUB1,2025-07,2025-09,True,"2025-08,2025-09"
subtraction_1digit,subtraction,numeracy,Q2_2025,Q2 2025 (Jul-Sep 2025),source_detail,aug_tool,Aug tool / Q2 2025 tool,aug_tool,False,stack_with_caveat,pct,pct_students_cleared,>=75% of items,81.0,18.0,76.5432098765432,4.708093909939785,66.24506582197044,84.43761814438567,True,76.5432098765432,76.85185185185185,100.0,33.72169595049718,,,5.0,False,moderate,crosswalk_caveat,,,,,,,A_SUB1,2025-07,2025-09,True,"2025-08,2025-09"
subtraction_1digit,subtraction,numeracy,Q2_2025,Q2 2025 (Jul-Sep 2025),source_detail,july_tool,July tool (used 4-8 Aug 2025),july_tool,False,stack_with_caveat,pct,pct_students_cleared,>=75% of items,,7.0,,,,,False,79.3103448275862,,,,,,,False,n_unknown,no_clearance_value;crosswalk_caveat,,,,,,,J_SUB,2025-07,2025-09,True,"2025-08,2025-09"
subtraction_2digit,subtraction,numeracy,Q3_2025,Q3 2025 (Oct-Dec 2025),trend_point,did_baseline,DiD baseline (Nov 2025),did,True,stack,pct,did_pct_correct,DiD % correct used directly,,,50.5,,,,True,,50.5,,,,,,False,n_unknown,n_unknown_n;baseline_pct_correct_not_clearance,single_source,,,,,,B_Subtraction Level 2,2025-10,2025-12,False,"2025-10,2025-11,2025-12"
subtraction_2digit,subtraction,numeracy,Q3_2025,Q3 2025 (Oct-Dec 2025),source_detail,did_baseline,DiD baseline (Nov 2025),did,True,stack,pct,did_pct_correct,DiD % correct used directly,,,50.5,,,,True,,50.5,,,,,,False,n_unknown,n_unknown_n;baseline_pct_correct_not_clearance,,,,,,,B_Subtraction Level 2,2025-10,2025-12,False,"2025-10,2025-11,2025-12"
subtraction_2digit,subtraction,numeracy,Q4_2025,Q4 2025 (Jan-Mar 2026),trend_point,did_midline,DiD midline / EOY (Mar 2026),did,True,stack,pct,slide_top_band_gt75,slide top band (>75%),177.0,,25.0,,,,True,,46.0,,,,,,False,robust,slide_band_gt75_not_ge75,single_source,Q3_2025,1,-25.5,True,metric_basis_changed,M_Subtraction 2,2026-01,2026-03,False,2026-03
subtraction_2digit,subtraction,numeracy,Q4_2025,Q4 2025 (Jan-Mar 2026),source_detail,did_midline,DiD midline / EOY (Mar 2026),did,True,stack,pct,slide_top_band_gt75,slide top band (>75%),177.0,,25.0,,,,True,,46.0,,,,,,False,robust,slide_band_gt75_not_ge75,,,,,,,M_Subtraction 2,2026-01,2026-03,False,2026-03
word_problem_addition,word_problems,numeracy,Q3_2025,Q3 2025 (Oct-Dec 2025),trend_point,did_baseline,DiD baseline (Nov 2025),did,True,stack,pct,did_pct_correct,DiD % correct used directly,,,62.5,,,,True,,62.5,,,,,,False,n_unknown,n_unknown_n;baseline_pct_correct_not_clearance,single_source,,,,,,B_Word Problem - Addition,2025-10,2025-12,False,"2025-10,2025-11,2025-12"
word_problem_addition,word_problems,numeracy,Q3_2025,Q3 2025 (Oct-Dec 2025),source_detail,did_baseline,DiD baseline (Nov 2025),did,True,stack,pct,did_pct_correct,DiD % correct used directly,,,62.5,,,,True,,62.5,,,,,,False,n_unknown,n_unknown_n;baseline_pct_correct_not_clearance,,,,,,,B_Word Problem - Addition,2025-10,2025-12,False,"2025-10,2025-11,2025-12"
word_problem_addition,word_problems,numeracy,Q4_2025,Q4 2025 (Jan-Mar 2026),trend_point,did_midline,DiD midline / EOY (Mar 2026),did,True,stack,pct,slide_top_band_gt75,slide top band (>75%),177.0,,33.0,,,,True,,61.0,,,,,,False,robust,slide_band_gt75_not_ge75,single_source,Q3_2025,1,-29.5,True,metric_basis_changed,M_Word Problems,2026-01,2026-03,False,2026-03
word_problem_addition,word_problems,numeracy,Q4_2025,Q4 2025 (Jan-Mar 2026),source_detail,did_midline,DiD midline / EOY (Mar 2026),did,True,stack,pct,slide_top_band_gt75,slide top band (>75%),177.0,,33.0,,,,True,,61.0,,,,,,False,robust,slide_band_gt75_not_ge75,,,,,,,M_Word Problems,2026-01,2026-03,False,2026-03
word_problem_subtraction,word_problems,numeracy,Q3_2025,Q3 2025 (Oct-Dec 2025),trend_point,did_baseline,DiD baseline (Nov 2025),did,True,stack,pct,did_pct_correct,DiD % correct used directly,,,33.849999999999994,,,,True,,33.849999999999994,,,,,,False,n_unknown,n_unknown_n;baseline_pct_correct_not_clearance,single_source,,,,,,B_Word Problem - Subtraction,2025-10,2025-12,False,"2025-10,2025-11,2025-12"
word_problem_subtraction,word_problems,numeracy,Q3_2025,Q3 2025 (Oct-Dec 2025),source_detail,did_baseline,DiD baseline (Nov 2025),did,True,stack,pct,did_pct_correct,DiD % correct used directly,,,33.849999999999994,,,,True,,33.849999999999994,,,,,,False,n_unknown,n_unknown_n;baseline_pct_correct_not_clearance,,,,,,,B_Word Problem - Subtraction,2025-10,2025-12,False,"2025-10,2025-11,2025-12"
word_problem_subtraction,word_problems,numeracy,Q4_2025,Q4 2025 (Jan-Mar 2026),trend_point,did_midline,DiD midline / EOY (Mar 2026),did,True,stack,pct,slide_top_band_gt75,slide top band (>75%),177.0,,23.0,,,,True,,,,,,,,False,robust,slide_band_gt75_not_ge75,single_source,Q3_2025,1,-10.849999999999994,True,metric_basis_changed,M_Word Problems - Subtraction,2026-01,2026-03,False,2026-03
word_problem_subtraction,word_problems,numeracy,Q4_2025,Q4 2025 (Jan-Mar 2026),source_detail,did_midline,DiD midline / EOY (Mar 2026),did,True,stack,pct,slide_top_band_gt75,slide top band (>75%),177.0,,23.0,,,,True,,,,,,,,False,robust,slide_band_gt75_not_ge75,,,,,,,M_Word Problems - Subtraction,2026-01,2026-03,False,2026-03
